CREATE OR REPLACE DATABASE empresa;
USE empresa;


CREATE TABLE TCENTR( 
	NUMCE INTEGER(5) PRIMARY KEY,
	NOMCE VARCHAR(50) NOT NULL,
	SENAS VARCHAR(50) NOT NULL
);


CREATE TABLE TDEPTO(
	NUMDE INTEGER(5) PRIMARY KEY,
   NUMCE INTEGER(5),
   DIREC INTEGER(5),
   TIDIR CHAR(1),
   PRESU NUMERIC(12,2),
   DEPDE INTEGER(5),
   NOMDE VARCHAR(50)
);

CREATE TABLE TEMPLE(
	NUMEM INTEGER(5) PRIMARY KEY,
   NUMDE INTEGER(5),
   EXTEL INTEGER(5),
   FECNA DATE,
   FECIN DATE,
   SALAR NUMERIC(12,2),
   COMIS NUMERIC(12,2),
   NUMHI INTEGER(5),
   NOMEM VARCHAR(50)
);



INSERT INTO TCENTR VALUES (10,'SEDE CENTRAL', 'C. ALCALA, 820, MADRID');
INSERT INTO TCENTR VALUES (20,'RELACIÓN CON CLIENTES', 'C. ATOCHA, 405, MADRID');



INSERT INTO TDEPTO VALUES (100, 10, 260,'P', 72000, NULL, 'DIRECCION GENERAL');
INSERT INTO TDEPTO VALUES (110, 20, 180,'P', 90000, 100, 'DIRECC. COMERCIAL');
INSERT INTO TDEPTO VALUES (111, 20, 180,'F', 66000, 110, 'SECTOR INDUSTRIAL');
INSERT INTO TDEPTO VALUES (112, 20, 270,'P', 54000, 110, 'SECTOR SERVICIOS');
INSERT INTO TDEPTO VALUES (120, 10, 150,'F', 18000, 100, 'ORGANIZACION');
INSERT INTO TDEPTO VALUES (121, 10, 150,'P', 12000, 120, 'PERSONAL');
INSERT INTO TDEPTO VALUES (122, 10, 350,'P', 36000, 120, 'PROCESO DE DATOS');
INSERT INTO TDEPTO VALUES (130, 10, 310,'P', 12000, 100, 'FINANZAS');



 
INSERT INTO TEMPLE VALUES (110, 121, 350, '1947-12-01', '1965-12-02', 1863, NULL, 3, 'PONS, CESAR');
INSERT INTO TEMPLE VALUES (120, 112, 840, '1948-10-06', '1981-03-10', 2104, 661 , 1, 'LASA, MARIO');
INSERT INTO TEMPLE VALUES (130, 112, 810, '1958-11-09', '1982-03-02', 1743, 661 , 2, 'TEROL, LUCIANO');
INSERT INTO TEMPLE VALUES (150, 121, 340, '1948-12-08', '1969-10-01', 2644, NULL, 0, 'PEREZ, JULIO');
INSERT INTO TEMPLE VALUES (160, 111, 740, '1952-10-07', '1981-12-11', 1863, 661 , 2, 'AGUIRRE, AUREO');
INSERT INTO TEMPLE VALUES (180, 110, 508, '1947-10-10', '1969-10-03', 2885, 301 , 2, 'PEREZ, MARCOS');
INSERT INTO TEMPLE VALUES (190, 121, 350, '1945-11-05', '1975-11-02', 1803, NULL, 4, 'VEIGA, JULIANA');
INSERT INTO TEMPLE VALUES (210, 100, 200, '1953-03-09', '1972-04-01', 2284, NULL, 2, 'GALVEZ, PILAR');
INSERT INTO TEMPLE VALUES (240, 111, 760, '1955-08-02', '1979-06-02', 1683, 601 , 3, 'SANZ, LAVINIA');
INSERT INTO TEMPLE VALUES (250, 100, 250, '1959-09-10', '1980-02-03', 2705, NULL, 0, 'ALBA, ADRIANA');
INSERT INTO TEMPLE VALUES (260, 100, 220, '1956-04-12', '1981-04-07', 4327, NULL, 6, 'LOPEZ, ANTONIO');
INSERT INTO TEMPLE VALUES (270, 112, 800, '1958-03-05', '1979-12-09', 2284, 481 , 3, 'GARCIA, OCTAVIO');
INSERT INTO TEMPLE VALUES (280, 130, 410, '1961-12-01', '1984-09-10', 1743, NULL, 5, 'FLOR, DOROTEA');
INSERT INTO TEMPLE VALUES (285, 122, 620, '1962-07-10', '1981-06-02', 2284, NULL, 0, 'POLO, OTILIA');
INSERT INTO TEMPLE VALUES (290, 120, 910, '1960-01-12', '1981-05-02', 1623, NULL, 3, 'GIL, GLORIA');
INSERT INTO TEMPLE VALUES (310, 130, 480, '1959-03-11', '1984-07-01', 2524, NULL, 0, 'GARCIA, AUGUSTO');
INSERT INTO TEMPLE VALUES (320, 122, 620, '1970-07-12', '1991-07-02', 2434, NULL, 2, 'SANZ, CORNELIO');
INSERT INTO TEMPLE VALUES (330, 112, 850, '1961-01-08', '1985-03-03', 1683, 541 , 0, 'DIEZ, AMELIA');
INSERT INTO TEMPLE VALUES (350, 122, 610, '1962-05-04', '1997-12-09', 2705, NULL, 1, 'CAMPS, AURELIO');
INSERT INTO TEMPLE VALUES (360, 111, 750, '1971-01-10', '1994-12-10', 1503, 601 , 2, 'LARA, DORINDA');
INSERT INTO TEMPLE VALUES (370, 121, 360, '1980-03-06', '2000-03-01', 1142, NULL, 1, 'RUIZ, FABIOLA');
INSERT INTO TEMPLE VALUES (380, 112, 880, '1981-01-04', '2001-02-01', 1082, NULL, 0, 'MARTIN, MICAELA');
INSERT INTO TEMPLE VALUES (390, 110, 500, '1979-01-02', '2001-10-10', 1292, NULL, 1, 'MORAL, CARMEN');
INSERT INTO TEMPLE VALUES (400, 111, 780, '1982-10-08', '2000-02-11', 1112, NULL, 0, 'LARA, LUCRECIA');
INSERT INTO TEMPLE VALUES (410, 122, 660, '1981-06-07', '2001-05-10', 1052, NULL, 0, 'MUÑOZ, AZUCENA');
INSERT INTO TEMPLE VALUES (420, 130, 450, '1979-04-10', '2001-01-11', 2404, NULL, 0, 'FIERRO, CLAUDIA');
INSERT INTO TEMPLE VALUES (430, 122, 650, '1980-07-10', '2001-01-11', 1262, NULL, 1, 'MORA, VALERIANA');
INSERT INTO TEMPLE VALUES (440, 111, 760, '1979-08-09', '1999-02-03', 1262, 601 , 0, 'DURAN, LIVIA');
INSERT INTO TEMPLE VALUES (450, 112, 880, '1979-03-10', '1999-02-03', 1262, 601 , 0, 'PEREZ, SABINA');
INSERT INTO TEMPLE VALUES (480, 111, 760, '1978-06-04', '1999-02-03', 1262, 601 , 1, 'PINO, DIANA');
INSERT INTO TEMPLE VALUES (490, 112, 880, '1977-08-06', '2001-02-01', 1082, 601 , 0, 'TORRES, HORACIO');
INSERT INTO TEMPLE VALUES (500, 111, 750, '1978-10-10', '2000-03-01', 1202, 601 , 0, 'VAZQUEZ, HONORIA');
INSERT INTO TEMPLE VALUES (510, 110, 550, '1979-06-05', '1999-03-11', 1202, NULL, 1, 'CAMPOS, ROMULO');
INSERT INTO TEMPLE VALUES (550, 111, 780, '1983-12-01', '2001-12-01', 601 , 721 , 0, 'SANTOS, SANCHO');


